City_ID,City,Lat,Lng,Max Temp,Humidity,Cloudiness,Wind Speed,Country,Date,Weather Description
0,Mataura,-46.1927,168.8643,57.07,77,100,6.04,NZ,2021-03-14 22:39:50,overcast clouds
1,Castro,-24.7911,-50.0119,65.68,83,4,1.52,BR,2021-03-14 22:36:49,clear sky
2,Vigrestad,58.5667,5.7,39.99,95,55,3.0,NO,2021-03-14 22:44:13,broken clouds
3,Kapaa,22.0752,-159.319,73.4,78,75,23.02,US,2021-03-14 22:36:14,light rain
4,Bundaberg,-24.85,152.35,84.99,73,71,5.75,AU,2021-03-14 22:44:14,broken clouds
5,Coquimbo,-29.9533,-71.3436,64.4,68,0,10.36,CL,2021-03-14 22:42:06,clear sky
6,Hilo,19.7297,-155.09,75.99,83,90,13.8,US,2021-03-14 22:43:00,moderate rain
7,Ushuaia,-54.8,-68.3,53.6,50,75,12.66,AR,2021-03-14 22:44:14,broken clouds
8,Inhambane,-23.865,35.3833,74.23,91,2,6.46,MZ,2021-03-14 22:44:15,clear sky
9,Bluff,-46.6,168.3333,58.66,83,100,11.52,NZ,2021-03-14 22:39:45,light rain
10,Baruun-Urt,46.6806,113.2792,12.43,35,4,20.42,MN,2021-03-14 22:44:15,clear sky
11,Namatanai,-3.6667,152.4333,84.0,66,67,4.12,PG,2021-03-14 22:37:19,broken clouds
12,Aksu,41.1231,80.2644,48.56,35,9,5.48,CN,2021-03-14 22:37:12,clear sky
13,Hithadhoo,-0.6,73.0833,84.09,64,97,7.23,MV,2021-03-14 22:36:17,overcast clouds
14,Najran,17.4924,44.1277,66.2,34,0,2.3,SA,2021-03-14 22:40:53,dust
15,Punta Arenas,-53.15,-70.9167,48.2,76,0,12.66,CL,2021-03-14 22:36:01,clear sky
16,Hermanus,-34.4187,19.2345,64.99,93,97,8.75,ZA,2021-03-14 22:36:15,light rain
17,Tuktoyaktuk,69.4541,-133.0374,-16.6,76,20,12.66,CA,2021-03-14 22:37:07,few clouds
18,New Norfolk,-42.7826,147.0587,66.0,58,92,3.0,AU,2021-03-14 22:36:02,overcast clouds
19,Gisborne,-38.6533,178.0042,75.0,56,6,4.0,NZ,2021-03-14 22:44:17,clear sky
20,Klaksvik,62.2266,-6.589,39.2,93,75,6.91,FO,2021-03-14 22:37:39,broken clouds
21,Carnarvon,-24.8667,113.6333,73.4,88,26,5.75,AU,2021-03-14 22:37:03,scattered clouds
22,Arkhangelsk,64.5401,40.5433,33.8,86,40,4.47,RU,2021-03-14 22:44:18,scattered clouds
23,Georgetown,5.4112,100.3354,78.8,83,20,5.75,MY,2021-03-14 22:36:03,few clouds
24,Pilar,-9.5972,-35.9567,78.8,69,0,10.36,BR,2021-03-14 22:44:19,clear sky
25,Port Alfred,-33.5906,26.891,69.01,96,95,8.99,ZA,2021-03-14 22:36:21,overcast clouds
26,Saint George,37.1041,-113.5841,63.0,35,1,16.11,US,2021-03-14 22:34:22,clear sky
27,Saint-Philippe,-21.3585,55.7679,78.8,73,20,16.11,RE,2021-03-14 22:36:36,few clouds
28,Dikson,73.5069,80.5464,-25.73,99,100,11.36,RU,2021-03-14 22:36:40,overcast clouds
29,Rikitea,-23.1203,-134.9692,80.87,76,18,13.15,PF,2021-03-14 22:36:21,moderate rain
30,Nouadhibou,20.931,-17.0347,66.2,72,0,12.66,MR,2021-03-14 22:44:20,clear sky
31,Palazzolo Acreide,37.0623,14.9035,50.0,81,20,2.3,IT,2021-03-14 22:44:20,few clouds
32,Pangnirtung,66.1451,-65.7125,-16.83,92,23,1.39,CA,2021-03-14 22:41:27,few clouds
33,Cabo San Lucas,22.8909,-109.9124,75.0,40,20,8.05,MX,2021-03-14 22:39:35,few clouds
34,Comodoro Rivadavia,-45.8667,-67.5,62.6,72,0,23.02,AR,2021-03-14 22:42:19,clear sky
35,Constitucion,-35.3333,-72.4167,58.1,87,61,3.31,CL,2021-03-14 22:44:21,broken clouds
36,Cape Town,-33.9258,18.4232,70.0,77,20,11.5,ZA,2021-03-14 22:33:36,light rain
37,Yellowknife,62.456,-114.3525,12.99,73,90,5.75,CA,2021-03-14 22:36:13,light snow
38,Avarua,-21.2078,-159.775,84.2,74,19,11.5,CK,2021-03-14 22:36:31,few clouds
39,Karkal,13.2,74.9833,80.6,78,20,2.55,IN,2021-03-14 22:44:22,few clouds
40,Rioja,-29.4111,-66.8507,76.6,65,79,2.91,AR,2021-03-14 22:44:23,broken clouds
41,Busselton,-33.65,115.3333,57.99,73,27,4.0,AU,2021-03-14 22:36:10,scattered clouds
42,Albany,42.6001,-73.9662,30.99,24,65,4.0,US,2021-03-14 22:43:49,broken clouds
43,Vostok,46.4856,135.8833,31.55,73,0,3.27,RU,2021-03-14 22:44:23,clear sky
44,Puerto Ayora,-0.7393,-90.3518,82.4,74,40,9.22,EC,2021-03-14 22:31:15,light rain
45,Bredasdorp,-34.5322,20.0403,66.2,94,99,8.05,ZA,2021-03-14 22:36:11,heavy intensity rain
46,Alanya,36.5438,31.9998,57.2,82,75,3.44,TR,2021-03-14 22:44:24,broken clouds
47,Los Llanos De Aridane,28.6585,-17.9182,66.2,68,90,13.8,ES,2021-03-14 22:37:14,overcast clouds
48,Lebu,-37.6167,-73.65,58.75,84,0,4.29,CL,2021-03-14 22:36:39,clear sky
49,Novikovo,51.1537,37.8879,32.86,84,100,11.43,RU,2021-03-14 22:44:25,overcast clouds
50,Adrar,20.5022,-10.0711,72.75,24,78,8.57,MR,2021-03-14 22:36:53,broken clouds
51,Tonosho,34.4833,134.1833,42.8,87,20,8.05,JP,2021-03-14 22:44:26,few clouds
52,Gamba,-2.65,10.0,78.44,87,100,7.0,GA,2021-03-14 22:44:26,moderate rain
53,Padang,-0.9492,100.3543,73.4,100,75,2.3,ID,2021-03-14 22:36:17,broken clouds
54,Mar Del Plata,-38.0023,-57.5575,70.0,88,0,11.5,AR,2021-03-14 22:37:22,clear sky
55,Sungaipenuh,-2.0833,101.3833,63.34,95,96,2.71,ID,2021-03-14 22:44:27,overcast clouds
56,Katsuura,35.1333,140.3,51.8,40,40,17.27,JP,2021-03-14 22:38:34,scattered clouds
57,Buy,58.4786,41.53,33.91,99,100,9.64,RU,2021-03-14 22:44:27,snow
58,Victoria,22.2855,114.1577,69.01,85,93,1.01,HK,2021-03-14 22:32:35,overcast clouds
59,Jumla,29.2747,82.1838,40.89,76,0,3.83,NP,2021-03-14 22:44:28,clear sky
60,Jutai,-5.1833,-68.9,75.67,96,100,1.77,BR,2021-03-14 22:44:28,moderate rain
61,Port Elizabeth,-33.918,25.5701,69.8,94,90,8.05,ZA,2021-03-14 22:36:14,light rain
62,Olavarria,-36.8927,-60.3225,76.5,35,28,6.85,AR,2021-03-14 22:44:29,scattered clouds
63,Butaritari,3.0707,172.7902,81.16,80,18,15.32,KI,2021-03-14 22:36:04,light rain
64,Novosokolniki,56.3463,30.1578,36.57,93,100,10.47,RU,2021-03-14 22:44:30,overcast clouds
65,Ancud,-41.8697,-73.8203,66.2,63,0,5.75,CL,2021-03-14 22:40:46,clear sky
66,Nikolskoye,59.7035,30.7861,36.0,93,90,6.71,RU,2021-03-14 22:37:00,light snow
67,Saint Anthony,45.0205,-93.218,46.4,29,1,12.66,US,2021-03-14 22:36:10,clear sky
68,Palmer,42.1584,-72.3287,33.8,25,40,26.46,US,2021-03-14 22:44:31,scattered clouds
69,Arraial Do Cabo,-22.9661,-42.0278,80.6,73,0,12.66,BR,2021-03-14 22:36:28,clear sky
70,Boende,-0.2167,20.8667,72.01,96,84,2.44,CD,2021-03-14 22:37:17,light rain
71,Mahanoro,-19.9,48.8,72.86,91,21,7.63,MG,2021-03-14 22:44:32,light rain
72,Chabahar,25.2919,60.643,71.37,87,0,8.23,IR,2021-03-14 22:41:08,clear sky
73,Umm Lajj,25.0213,37.2685,75.2,57,61,4.63,SA,2021-03-14 22:44:32,broken clouds
74,Atuona,-9.8,-139.0333,80.19,68,41,11.52,PF,2021-03-14 22:37:04,scattered clouds
75,Phalaborwa,-23.943,31.1411,69.17,87,7,5.86,ZA,2021-03-14 22:44:33,light rain
76,Upernavik,72.7868,-56.1549,-3.73,99,100,6.26,GL,2021-03-14 22:37:07,overcast clouds
77,Heyang,26.1011,107.473,60.93,96,98,6.29,CN,2021-03-14 22:44:34,overcast clouds
78,Namibe,-15.1961,12.1522,76.28,80,80,4.52,AO,2021-03-14 22:42:16,broken clouds
79,Lorengau,-2.0226,147.2712,84.15,67,78,2.33,PG,2021-03-14 22:38:09,broken clouds
80,Khatanga,71.9667,102.5,-19.95,95,100,10.76,RU,2021-03-14 22:44:34,overcast clouds
81,Payson,40.0444,-111.7321,53.01,50,40,4.61,US,2021-03-14 22:44:35,scattered clouds
82,Sao Filipe,14.8961,-24.4956,71.13,71,0,4.54,CV,2021-03-14 22:38:16,clear sky
83,Luena,-11.7833,19.9167,62.83,95,90,2.44,AO,2021-03-14 22:44:35,overcast clouds
84,Fort Nelson,58.8053,-122.7002,1.4,66,90,3.44,CA,2021-03-14 22:37:50,light snow
85,Tilichiki,60.4667,166.1,-2.36,90,31,3.98,RU,2021-03-14 22:39:47,scattered clouds
86,Tokur,53.1333,132.9,24.66,85,100,5.97,RU,2021-03-14 22:44:36,overcast clouds
87,Kodiak,57.79,-152.4072,35.6,69,90,27.63,US,2021-03-14 22:33:13,light snow
88,Fortuna,40.5982,-124.1573,44.01,92,100,7.0,US,2021-03-14 22:37:06,moderate rain
89,Waipawa,-41.4122,175.5153,66.2,72,75,20.71,NZ,2021-03-14 22:44:37,broken clouds
90,Aklavik,68.2191,-135.0107,-5.8,59,42,5.75,CA,2021-03-14 22:36:54,scattered clouds
91,Meulaboh,4.1363,96.1285,75.99,86,76,4.85,ID,2021-03-14 22:37:05,broken clouds
92,Kavieng,-2.5744,150.7967,83.17,67,89,3.2,PG,2021-03-14 22:36:18,overcast clouds
93,Isangel,-19.55,169.2667,82.4,83,75,5.64,VU,2021-03-14 22:37:09,broken clouds
94,Chuy,-33.6971,-53.4616,64.53,78,0,6.42,UY,2021-03-14 22:37:51,clear sky
95,Patea,-39.7583,174.4833,69.01,90,13,1.99,NZ,2021-03-14 22:44:38,few clouds
96,Egvekinot,66.3167,-179.1667,9.61,94,97,4.03,RU,2021-03-14 22:44:39,overcast clouds
97,Vaini,-21.2,-175.2,84.2,70,75,5.75,TO,2021-03-14 22:36:03,broken clouds
98,Puksoozero,62.5903,40.6066,26.01,94,97,6.4,RU,2021-03-14 22:44:39,overcast clouds
99,Leningradskiy,69.3833,178.4167,2.35,94,100,14.2,RU,2021-03-14 22:37:20,light snow
100,Thompson,55.7435,-97.8558,24.8,36,75,9.22,CA,2021-03-14 22:36:32,snow
101,Sharanga,57.1775,46.5396,26.96,95,96,10.96,RU,2021-03-14 22:44:41,light snow
102,Mahebourg,-20.4081,57.7,77.0,94,75,10.54,MU,2021-03-14 22:37:06,broken clouds
103,Aragarcas,-15.8975,-52.2508,74.61,87,69,1.59,BR,2021-03-14 22:44:41,broken clouds
104,Touros,-5.1989,-35.4608,80.6,74,20,9.22,BR,2021-03-14 22:37:58,few clouds
105,Sisimiut,66.9395,-53.6735,8.2,82,97,9.64,GL,2021-03-14 22:44:42,overcast clouds
106,Tasiilaq,65.6145,-37.6368,24.8,68,90,23.02,GL,2021-03-14 22:36:51,light snow
107,Warin Chamrap,15.1932,104.8628,71.6,83,28,3.44,TH,2021-03-14 22:44:42,scattered clouds
108,Aksarka,66.5606,67.7975,12.63,91,99,5.64,RU,2021-03-14 22:44:43,overcast clouds
109,East London,-33.0153,27.9116,73.36,84,80,8.5,ZA,2021-03-14 22:36:37,broken clouds
110,Lompoc,34.6391,-120.4579,55.99,58,1,11.5,US,2021-03-14 22:36:56,clear sky
111,Provideniya,64.3833,-173.3,24.13,94,100,9.46,RU,2021-03-14 22:36:35,snow
112,Komsomolskiy,40.4272,71.7189,30.2,74,100,4.61,UZ,2021-03-14 22:41:00,overcast clouds
113,Carauari,-4.8828,-66.8958,76.78,84,36,2.55,BR,2021-03-14 22:44:44,light rain
114,Bengkulu,-3.8004,102.2655,76.98,85,100,4.45,ID,2021-03-14 22:37:01,overcast clouds
115,Pevek,69.7008,170.3133,-5.96,96,100,15.7,RU,2021-03-14 22:38:12,light snow
116,Shitanjing,39.2342,106.3439,31.35,30,19,5.37,CN,2021-03-14 22:44:45,few clouds
117,Labuhan,-6.8844,112.2051,77.68,84,100,6.04,ID,2021-03-14 22:36:15,overcast clouds
118,Qaanaaq,77.484,-69.3632,-5.1,63,100,5.01,GL,2021-03-14 22:36:08,overcast clouds
119,Plainview,40.7765,-73.4673,43.0,46,62,23.04,US,2021-03-14 22:44:46,broken clouds
120,Carutapera,-1.195,-46.02,76.73,89,74,4.94,BR,2021-03-14 22:44:46,broken clouds
121,Muroto,33.2833,134.15,44.6,81,0,2.3,JP,2021-03-14 22:44:46,clear sky
122,Mayo,38.8876,-76.5119,57.2,26,1,18.41,US,2021-03-14 22:36:45,clear sky
123,Sibolga,1.7427,98.7792,76.15,82,85,3.87,ID,2021-03-14 22:44:47,moderate rain
124,Porto Novo,6.4965,2.6036,78.8,89,20,2.3,BJ,2021-03-14 22:38:19,few clouds
125,San Cristobal,7.7669,-72.225,80.6,65,75,4.61,VE,2021-03-14 22:37:54,broken clouds
126,Moerai,-22.4333,-151.3333,80.64,71,41,9.84,PF,2021-03-14 22:44:48,scattered clouds
127,Takoradi,4.8845,-1.7554,78.53,75,100,2.66,GH,2021-03-14 22:44:48,overcast clouds
128,Xining,36.6167,101.7667,39.51,14,0,0.96,CN,2021-03-14 22:44:49,clear sky
129,North Bend,43.4065,-124.2243,42.8,87,90,13.8,US,2021-03-14 22:36:05,mist
130,Barrow,71.2906,-156.7887,-5.8,77,1,14.97,US,2021-03-14 22:36:02,snow
131,Kavaratti,10.5669,72.642,82.47,68,9,4.34,IN,2021-03-14 22:36:29,clear sky
132,Burnie,-41.0667,145.9167,60.01,82,78,5.99,AU,2021-03-14 22:38:23,broken clouds
133,Barkhan,29.8977,69.5256,59.81,45,44,4.99,PK,2021-03-14 22:44:50,scattered clouds
134,Athabasca,54.7169,-113.2854,44.6,53,62,5.75,CA,2021-03-14 22:44:50,broken clouds
135,Ramanuj Ganj,23.8,83.7,63.63,36,0,3.89,IN,2021-03-14 22:44:50,clear sky
136,Bambous Virieux,-20.3428,57.7575,77.0,94,75,10.45,MU,2021-03-14 22:36:38,light rain
137,Koslan,63.4564,48.8989,24.35,94,98,7.2,RU,2021-03-14 22:44:51,overcast clouds
138,Slupsk,54.4641,17.0287,36.48,90,52,10.51,PL,2021-03-14 22:41:12,broken clouds
139,Hobart,-42.8794,147.3294,68.0,45,40,14.97,AU,2021-03-14 22:36:09,scattered clouds
140,Quang Ngai,15.1167,108.8,68.49,93,36,3.96,VN,2021-03-14 22:44:52,scattered clouds
141,Waterloo,43.4668,-80.5164,30.2,43,1,20.71,CA,2021-03-14 22:40:09,clear sky
142,Myitkyina,25.3833,97.4,61.63,80,7,2.89,MM,2021-03-14 22:44:52,clear sky
143,Tingo Maria,-9.2895,-76.0088,73.13,96,77,0.13,PE,2021-03-14 22:43:12,broken clouds
144,Luderitz,-26.6481,15.1594,66.97,75,0,17.02,NA,2021-03-14 22:36:55,clear sky
145,Nanortalik,60.1432,-45.2371,30.51,82,100,9.91,GL,2021-03-14 22:37:34,light snow
146,Chulman,56.8479,124.9104,8.73,91,100,19.42,RU,2021-03-14 22:44:53,light snow
147,Korla,41.7597,86.1469,51.42,36,98,11.12,CN,2021-03-14 22:37:31,overcast clouds
148,Shache,38.4167,77.2406,48.96,36,21,10.31,CN,2021-03-14 22:44:54,few clouds
149,Tarnogskiy Gorodok,60.4997,43.5761,27.88,94,100,8.25,RU,2021-03-14 22:44:54,overcast clouds
150,Bathsheba,13.2167,-59.5167,78.8,73,40,11.5,BB,2021-03-14 22:37:25,scattered clouds
151,Coihaique,-45.5752,-72.0662,75.2,38,0,4.18,CL,2021-03-14 22:36:49,clear sky
152,Sola,-13.8833,167.55,82.4,100,81,2.3,VU,2021-03-14 22:37:20,broken clouds
153,Kupino,54.3663,77.2981,-7.15,99,54,7.38,RU,2021-03-14 22:44:55,broken clouds
154,Vila Franca Do Campo,37.7167,-25.4333,60.8,100,75,11.5,PT,2021-03-14 22:36:23,broken clouds
155,Kisangani,0.5167,25.2,68.9,97,94,3.6,CD,2021-03-14 22:44:56,overcast clouds
156,Veraval,20.9,70.3667,75.33,50,41,16.42,IN,2021-03-14 22:36:19,scattered clouds
157,Sitka,57.0531,-135.33,32.0,43,1,8.05,US,2021-03-14 22:36:41,clear sky
158,Talnakh,69.4865,88.3972,-26.5,99,96,2.35,RU,2021-03-14 22:36:16,overcast clouds
159,Dunedin,-45.8742,170.5036,66.99,59,100,9.26,NZ,2021-03-14 22:32:48,light rain
160,San Patricio,28.017,-97.5169,64.4,68,90,13.8,US,2021-03-14 22:38:14,overcast clouds
161,Nelspruit,-25.4745,30.9703,66.2,94,69,10.36,ZA,2021-03-14 22:44:58,broken clouds
162,Vao,-22.6667,167.4833,76.82,77,7,16.4,NC,2021-03-14 22:44:58,clear sky
163,Pisco,-13.7,-76.2167,84.2,54,0,16.11,PE,2021-03-14 22:36:47,clear sky
164,Kibaya,-5.3,36.5667,56.91,98,7,3.44,TZ,2021-03-14 22:44:58,clear sky
165,Grindavik,63.8424,-22.4338,37.4,87,75,13.8,IS,2021-03-14 22:37:05,broken clouds
166,Kulhudhuffushi,6.6221,73.07,82.08,74,90,11.12,MV,2021-03-14 22:36:26,overcast clouds
167,Auchi,7.0667,6.2667,77.49,81,80,6.26,NG,2021-03-14 22:44:59,broken clouds
168,Opuwo,-18.0607,13.84,70.75,67,29,3.65,NA,2021-03-14 22:37:21,scattered clouds
169,Lascahobas,18.8294,-71.9364,82.4,65,20,12.66,HT,2021-03-14 22:45:00,few clouds
170,Maracas,-13.4411,-40.4308,65.59,78,7,9.55,BR,2021-03-14 22:45:00,clear sky
171,Barra Patuca,15.8,-84.2833,79.16,71,1,9.75,HN,2021-03-14 22:45:01,clear sky
172,Atar,20.5169,-13.0499,75.07,22,0,9.01,MR,2021-03-14 22:40:26,clear sky
173,Cidreira,-30.1811,-50.2056,73.69,85,22,9.33,BR,2021-03-14 22:35:57,few clouds
174,Riviere-Au-Renard,48.9957,-64.3971,14.0,52,75,14.97,CA,2021-03-14 22:45:01,broken clouds
175,Palasa,18.7667,84.4167,71.37,66,0,5.08,IN,2021-03-14 22:45:02,clear sky
176,Jamestown,42.097,-79.2353,30.2,47,1,15.52,US,2021-03-14 22:34:13,clear sky
177,Fairbanks,64.8378,-147.7164,18.0,52,1,4.61,US,2021-03-14 22:45:03,clear sky
178,Tyumentsevo,53.3224,81.498,-1.37,96,100,6.55,RU,2021-03-14 22:45:04,overcast clouds
179,Sorland,67.667,12.6934,35.6,87,20,9.22,NO,2021-03-14 22:37:15,few clouds
180,Puerto Del Rosario,28.5004,-13.8627,64.4,77,20,3.44,ES,2021-03-14 22:45:04,few clouds
181,Menongue,-14.6585,17.691,64.42,94,77,4.07,AO,2021-03-14 22:38:11,broken clouds
182,Faya,18.3851,42.4509,62.6,41,0,2.68,SA,2021-03-14 22:45:05,clear sky
183,San Pedro,14.35,121.0167,78.8,83,40,2.3,PH,2021-03-14 22:45:05,scattered clouds
184,Port Hardy,50.6996,-127.4199,41.0,60,40,16.11,CA,2021-03-14 22:36:50,scattered clouds
185,Samarai,-10.6167,150.6667,83.66,70,87,5.14,PG,2021-03-14 22:36:46,overcast clouds
186,Saskylakh,71.9167,114.0833,-31.34,92,1,4.47,RU,2021-03-14 22:37:13,clear sky
187,Invermere,50.5167,-116.0354,46.71,80,100,7.78,CA,2021-03-14 22:45:06,overcast clouds
188,Sur,22.5667,59.5289,74.95,52,11,4.76,OM,2021-03-14 22:45:06,few clouds
189,Taoudenni,22.6783,-3.9836,74.46,29,0,14.12,ML,2021-03-14 22:37:31,clear sky
190,Tazovskiy,67.4667,78.7,-0.98,97,100,4.52,RU,2021-03-14 22:45:07,overcast clouds
191,Avera,33.194,-82.5271,80.6,39,40,4.61,US,2021-03-14 22:36:29,scattered clouds
192,Analipsis,35.3167,25.5667,60.01,94,75,2.37,GR,2021-03-14 22:45:08,broken clouds
193,Japura,-0.3167,102.35,72.86,96,55,1.48,ID,2021-03-14 22:45:08,broken clouds
194,Dimona,31.0667,35.0333,53.01,100,69,1.99,IL,2021-03-14 22:45:09,broken clouds
195,Muli,2.9167,73.5667,82.87,71,60,9.62,MV,2021-03-14 22:45:09,heavy intensity rain
196,Tuatapere,-46.1333,167.6833,59.2,94,100,10.4,NZ,2021-03-14 22:36:06,moderate rain
197,Altamira,-3.2033,-52.2064,74.75,96,80,2.13,BR,2021-03-14 22:45:09,broken clouds
198,Svetlaya,46.5389,138.3297,37.31,71,0,2.24,RU,2021-03-14 22:45:10,clear sky
199,Chota,-6.55,-78.65,55.92,95,100,2.84,PE,2021-03-14 22:45:10,moderate rain
200,Mbini,1.574,9.6134,79.66,82,100,5.14,GQ,2021-03-14 22:45:11,light rain
201,Hirara,24.8,125.2833,64.4,77,40,5.75,JP,2021-03-14 22:45:11,scattered clouds
202,Kahului,20.8947,-156.47,75.99,64,20,13.8,US,2021-03-14 22:35:57,few clouds
203,San Quintin,30.4833,-115.95,58.44,67,2,18.95,MX,2021-03-14 22:37:50,clear sky
204,Mezen,65.8522,44.24,27.28,95,97,6.11,RU,2021-03-14 22:45:12,overcast clouds
205,Airai,-8.9266,125.4092,63.14,84,100,1.34,TL,2021-03-14 22:36:16,overcast clouds
206,Valparaiso,-33.0393,-71.6273,62.6,82,75,3.44,CL,2021-03-14 22:45:13,broken clouds
207,Norman Wells,65.282,-126.8329,-4.0,77,90,12.66,CA,2021-03-14 22:36:20,light snow
208,Cotonou,6.3654,2.4183,78.8,89,20,2.3,BJ,2021-03-14 22:45:14,few clouds
209,Husavik,66.0449,-17.3389,21.2,86,0,3.44,IS,2021-03-14 22:37:57,clear sky
210,La Joya,18.6667,-99.4667,98.01,21,20,5.23,MX,2021-03-14 22:45:14,few clouds
211,Pierre,44.3683,-100.351,36.0,93,90,10.36,US,2021-03-14 22:45:15,heavy snow
212,Nome,64.5011,-165.4064,21.2,86,90,13.8,US,2021-03-14 22:37:41,snow
213,Ambon,-3.6954,128.1814,77.0,94,40,5.75,ID,2021-03-14 22:44:24,scattered clouds
214,Euclides Da Cunha,-10.5075,-39.0158,76.03,57,46,13.15,BR,2021-03-14 22:45:15,scattered clouds
215,Mahon,39.8885,4.2658,53.6,62,0,12.66,ES,2021-03-14 22:45:16,clear sky
216,Itarema,-2.9248,-39.9167,78.37,81,18,9.28,BR,2021-03-14 22:40:21,few clouds
217,Cabedelo,-6.9811,-34.8339,78.8,83,20,9.22,BR,2021-03-14 22:45:16,few clouds
218,Odweyne,9.4092,45.064,70.74,39,0,8.12,SO,2021-03-14 22:45:17,clear sky
219,Ziarat,30.3823,67.7282,45.0,38,99,1.63,PK,2021-03-14 22:41:27,overcast clouds
220,Huai Yot,7.7893,99.6348,70.72,94,77,3.42,TH,2021-03-14 22:45:18,broken clouds
221,Kyra,49.5776,111.9753,5.94,63,46,14.12,RU,2021-03-14 22:40:25,scattered clouds
222,Iqaluit,63.7506,-68.5145,-16.01,63,40,20.71,CA,2021-03-14 22:37:43,snow
223,Brewster,41.3973,-73.6171,33.01,53,69,3.0,US,2021-03-14 22:45:18,broken clouds
224,Oranjestad,12.524,-70.027,78.35,82,91,19.77,AW,2021-03-14 22:40:37,overcast clouds
225,Springdale,36.1867,-94.1288,54.0,100,90,10.36,US,2021-03-14 22:45:19,moderate rain
226,Esperance,-33.8667,121.9,51.8,82,36,8.05,AU,2021-03-14 22:36:54,scattered clouds
227,Yelovo,57.0538,54.9207,14.59,91,97,14.2,RU,2021-03-14 22:45:20,snow
228,Tiksi,71.6872,128.8694,3.54,86,100,4.83,RU,2021-03-14 22:36:24,overcast clouds
229,Hokitika,-42.7167,170.9667,59.63,83,100,9.31,NZ,2021-03-14 22:45:20,overcast clouds
230,Camrose,53.0168,-112.8353,55.4,44,99,16.11,CA,2021-03-14 22:43:08,overcast clouds
231,Suzhou,31.3114,120.6181,54.0,88,23,7.07,CN,2021-03-14 22:45:21,few clouds
232,Fare,-16.7,-151.0167,83.12,74,86,10.8,PF,2021-03-14 22:45:21,overcast clouds
233,Pavlodar,52.3,76.95,-4.0,77,0,6.71,KZ,2021-03-14 22:42:02,clear sky
234,Kananga,-5.8958,22.4178,71.06,89,84,3.51,CD,2021-03-14 22:45:22,broken clouds
235,Torbay,47.6666,-52.7314,28.99,74,90,4.61,CA,2021-03-14 22:35:28,overcast clouds
236,Hovd,48.0056,91.6419,16.63,22,100,3.89,MN,2021-03-14 22:36:05,overcast clouds
237,Ulaangom,49.9811,92.0667,-2.33,79,99,3.42,MN,2021-03-14 22:45:23,overcast clouds
238,Usogorsk,63.4106,48.6872,25.07,94,100,7.7,RU,2021-03-14 22:45:23,light snow
239,Barabai,-2.5833,115.3833,73.98,93,58,0.83,ID,2021-03-14 22:42:22,broken clouds
240,Pasir Gudang,1.4584,103.8805,78.8,83,0,8.05,MY,2021-03-14 22:45:24,clear sky
241,Skibbereen,51.55,-9.2667,48.2,76,75,16.11,IE,2021-03-14 22:45:24,broken clouds
242,Fort Smith,35.3859,-94.3986,57.0,94,90,3.44,US,2021-03-14 22:45:05,light rain
243,Nouna,12.7333,-3.8667,78.91,15,32,6.42,BF,2021-03-14 22:45:25,scattered clouds
244,Bethel,41.3712,-73.414,33.01,55,66,1.99,US,2021-03-14 22:36:10,broken clouds
245,Laguna,38.421,-121.4238,59.0,54,20,8.05,US,2021-03-14 22:37:34,few clouds
246,Zaysan,47.4667,84.8667,7.84,97,100,1.32,KZ,2021-03-14 22:37:55,snow
247,Atasu,48.6814,71.6433,1.06,89,100,6.91,KZ,2021-03-14 22:45:25,overcast clouds
248,Caravelas,-17.7125,-39.2481,75.56,83,0,5.68,BR,2021-03-14 22:38:26,clear sky
249,Luba,3.4568,8.5547,79.74,80,93,1.36,GQ,2021-03-14 22:45:26,overcast clouds
250,New Waterford,40.8451,-80.6145,39.99,33,43,10.0,US,2021-03-14 22:45:26,scattered clouds
251,Kirs,59.3388,52.2447,20.34,93,100,8.81,RU,2021-03-14 22:45:27,overcast clouds
252,Vung Tau,10.346,107.0843,74.77,84,38,13.85,VN,2021-03-14 22:37:26,scattered clouds
253,Kloulklubed,7.0419,134.2556,77.0,100,75,3.44,PW,2021-03-14 22:45:28,broken clouds
254,Humaita,-7.5061,-63.0208,77.29,91,67,2.28,BR,2021-03-14 22:45:28,broken clouds
255,Benghazi,32.1167,20.0667,58.62,75,2,6.58,LY,2021-03-14 22:45:28,clear sky
256,Ribeira Grande,38.5167,-28.7,60.8,94,40,6.91,PT,2021-03-14 22:36:59,scattered clouds
257,Mehamn,71.0357,27.8492,26.6,86,90,3.44,NO,2021-03-14 22:37:28,light snow
258,Niculitel,45.1833,28.4833,41.0,93,44,9.22,RO,2021-03-14 22:45:29,mist
259,Necochea,-38.5473,-58.7368,64.0,82,0,5.3,AR,2021-03-14 22:38:04,clear sky
260,Sakakah,29.9697,40.2064,64.4,24,99,6.91,SA,2021-03-14 22:45:30,overcast clouds
261,Safranbolu,41.2508,32.6942,45.16,75,87,1.61,TR,2021-03-14 22:45:30,overcast clouds
262,Guarapari,-20.6667,-40.4975,80.6,69,75,5.75,BR,2021-03-14 22:45:31,broken clouds
263,Lixourion,38.2019,20.4314,55.89,85,14,9.95,GR,2021-03-14 22:45:31,few clouds
264,Luanda,-8.8368,13.2343,82.4,78,75,6.91,AO,2021-03-14 22:45:32,broken clouds
265,Kinel-Cherkassy,53.4706,51.4743,6.84,83,63,10.22,RU,2021-03-14 22:45:32,light snow
266,Copalillo,18.0333,-99.1167,98.01,20,0,1.99,MX,2021-03-14 22:45:32,clear sky
267,Altea,38.5989,-0.0514,57.99,78,0,3.0,ES,2021-03-14 22:45:33,clear sky
268,College,64.8569,-147.8028,18.0,48,20,3.44,US,2021-03-14 22:38:02,few clouds
269,Matiri,-10.75,34.9,61.21,91,95,1.92,TZ,2021-03-14 22:41:08,overcast clouds
270,Mitsamiouli,-11.3847,43.2844,81.97,73,100,4.07,KM,2021-03-14 22:45:34,overcast clouds
271,Yerbogachen,61.2767,108.0108,-5.49,95,89,9.46,RU,2021-03-14 22:45:34,overcast clouds
272,Skawina,49.9752,19.8287,39.0,86,20,5.75,PL,2021-03-14 22:45:35,few clouds
273,Menuma,36.2167,139.3833,46.4,42,1,4.61,JP,2021-03-14 22:45:35,clear sky
274,Dana Point,33.467,-117.6981,60.01,65,63,4.0,US,2021-03-14 22:45:34,broken clouds
275,Stege,54.987,12.2846,39.99,87,39,4.0,DK,2021-03-14 22:45:36,scattered clouds
276,Samarinda,-0.5,117.15,74.89,88,82,1.74,ID,2021-03-14 22:45:36,broken clouds
277,Malindi,-3.2175,40.1191,77.74,82,1,8.28,KE,2021-03-14 22:45:37,clear sky
278,Hervey Bay,-25.2986,152.8535,80.01,82,43,3.0,AU,2021-03-14 22:45:37,scattered clouds
279,Lasa,46.6166,10.7002,44.6,36,0,5.75,IT,2021-03-14 22:45:37,clear sky
280,Obigarm,38.7173,69.7088,33.64,76,100,6.4,TJ,2021-03-14 22:45:38,overcast clouds
281,Elliot Lake,46.3834,-82.6331,30.2,31,1,16.11,CA,2021-03-14 22:45:38,clear sky
282,Cayenne,4.9333,-52.3333,75.99,94,75,2.3,GF,2021-03-14 22:45:38,broken clouds
283,Tuxpan,19.55,-103.4,82.4,57,1,10.54,MX,2021-03-14 22:45:14,clear sky
284,Esterhazy,50.65,-102.0843,44.6,42,1,18.41,CA,2021-03-14 22:45:39,clear sky
285,Nancha,47.1333,129.2667,32.7,81,76,5.66,CN,2021-03-14 22:45:40,broken clouds
286,Pokhara,28.2333,83.9833,62.89,37,0,5.14,NP,2021-03-14 22:45:40,clear sky
287,Staryy Nadym,65.6118,72.6842,10.96,96,96,6.46,RU,2021-03-14 22:45:40,overcast clouds
288,Kuryk,43.2,51.65,33.26,47,76,12.93,KZ,2021-03-14 22:41:16,broken clouds
289,Shellbrook,53.2168,-106.4011,41.0,65,40,14.97,CA,2021-03-14 22:45:41,scattered clouds
290,Ntcheu,-14.8203,34.6359,61.68,91,90,2.84,MW,2021-03-14 22:45:42,light rain
291,Balezino,57.9796,53.0106,18.91,94,100,11.41,RU,2021-03-14 22:45:42,light snow
292,Ponta Do Sol,32.6667,-17.1,57.0,65,100,1.99,PT,2021-03-14 22:36:30,overcast clouds
293,Nishihara,26.1842,127.7558,64.4,72,20,4.61,JP,2021-03-14 22:45:43,few clouds
294,Manokwari,-0.8667,134.0833,80.04,72,72,2.59,ID,2021-03-14 22:37:18,broken clouds
295,Kerrville,30.0474,-99.1403,73.4,6,1,12.66,US,2021-03-14 22:45:43,clear sky
296,Lahat,-3.8,103.5333,72.03,96,84,1.14,ID,2021-03-14 22:41:18,broken clouds
297,Wanning,18.8003,110.3967,71.13,88,35,5.59,CN,2021-03-14 22:45:44,scattered clouds
298,Upata,8.0086,-62.3989,75.0,89,72,5.01,VE,2021-03-14 22:45:45,broken clouds
299,Zhigansk,66.7697,123.3711,-23.57,85,65,10.71,RU,2021-03-14 22:43:41,broken clouds
300,Asfi,32.2994,-9.2372,59.4,76,100,16.11,MA,2021-03-14 22:38:04,overcast clouds
301,Dale,38.1689,-86.99,55.4,43,90,10.36,US,2021-03-14 22:45:45,overcast clouds
302,Ekhabi,53.5102,142.9671,33.13,85,45,6.93,RU,2021-03-14 22:45:46,scattered clouds
303,Abu Zabad,12.35,29.25,78.84,12,37,10.54,SD,2021-03-14 22:45:46,scattered clouds
304,Oyem,1.5995,11.5793,68.61,97,95,4.92,GA,2021-03-14 22:45:47,light rain
305,Chapais,49.7834,-74.8492,-0.4,60,90,14.97,CA,2021-03-14 22:45:47,overcast clouds
306,Gizo,-8.103,156.8419,83.66,70,47,6.96,SB,2021-03-14 22:45:47,light rain
307,Alofi,-19.0595,-169.9187,84.2,74,75,8.05,NU,2021-03-14 22:45:48,broken clouds
308,Payo,-3.7508,103.6372,72.07,97,82,0.65,ID,2021-03-14 22:45:48,broken clouds
309,Carndonagh,55.25,-7.2667,44.55,90,65,15.3,IE,2021-03-14 22:45:49,broken clouds
310,Chokurdakh,70.6333,147.9167,-18.9,91,0,5.17,RU,2021-03-14 22:36:36,clear sky
311,Voyvozh,62.892,54.9635,18.09,93,100,8.68,RU,2021-03-14 22:45:49,light snow
312,Saint-Augustin,51.226,-58.6502,12.27,84,100,13.58,CA,2021-03-14 22:43:09,overcast clouds
313,Izhma,65.0083,53.9113,21.67,95,100,8.81,RU,2021-03-14 22:45:50,light snow
314,Yalutorovsk,56.6536,66.3006,8.51,91,3,9.24,RU,2021-03-14 22:45:50,clear sky
315,Yanam,16.7333,82.2167,68.61,94,4,1.95,IN,2021-03-14 22:45:51,clear sky
316,Geraldton,-28.7667,114.6,75.2,29,1,20.71,AU,2021-03-14 22:36:58,clear sky
317,Ulladulla,-35.35,150.4667,59.0,55,0,5.75,AU,2021-03-14 22:45:51,clear sky
318,Ola,59.5833,151.2833,5.86,83,61,0.96,RU,2021-03-14 22:45:51,broken clouds
319,Port Blair,11.6667,92.75,78.93,76,52,6.51,IN,2021-03-14 22:37:42,broken clouds
320,Rocha,-34.4833,-54.3333,61.2,85,0,4.45,UY,2021-03-14 22:37:41,clear sky
321,Mizdah,31.4451,12.9801,52.88,60,26,2.62,LY,2021-03-14 22:45:52,scattered clouds
322,Amherstburg,42.1168,-83.0499,37.4,48,1,11.5,CA,2021-03-14 22:45:53,clear sky
323,Hamilton,39.1834,-84.5333,55.4,41,1,5.75,US,2021-03-14 22:35:48,clear sky
324,Port Hawkesbury,45.6169,-61.3485,19.99,79,90,4.61,CA,2021-03-14 22:45:53,light snow
325,Henties Bay,-22.116,14.2845,63.0,94,0,1.99,NA,2021-03-14 22:36:29,clear sky
326,Faanui,-16.4833,-151.75,83.07,73,99,13.27,PF,2021-03-14 22:36:06,overcast clouds
327,Bud,39.447,-86.1758,53.01,57,100,7.54,US,2021-03-14 22:41:15,overcast clouds
328,Kenai,60.5544,-151.2583,19.4,79,90,11.5,US,2021-03-14 22:35:16,light snow
329,Kaitangata,-46.2817,169.8464,63.0,60,100,5.03,NZ,2021-03-14 22:36:09,moderate rain
330,Barra Do Corda,-5.5,-45.25,74.66,94,100,2.48,BR,2021-03-14 22:45:54,heavy intensity rain
331,Kamenka,51.3223,42.7678,28.0,87,79,1.99,RU,2021-03-14 22:45:55,broken clouds
332,Nanakuli,21.3906,-158.1547,77.0,69,1,9.22,US,2021-03-14 22:45:55,light rain
333,Revda,56.801,59.9303,12.2,62,0,8.95,RU,2021-03-14 22:45:56,clear sky
334,Waingapu,-9.6567,120.2641,79.38,81,92,1.95,ID,2021-03-14 22:45:56,overcast clouds
335,Maragogi,-9.0122,-35.2225,78.57,72,100,7.43,BR,2021-03-14 22:41:44,overcast clouds
336,Narsaq,60.9167,-46.05,37.4,44,75,29.93,GL,2021-03-14 22:37:28,broken clouds
337,Salalah,17.0151,54.0924,73.4,56,0,4.61,OM,2021-03-14 22:37:34,clear sky
338,Vire,48.9167,-0.8333,46.4,87,90,17.27,FR,2021-03-14 22:45:57,overcast clouds
339,Palana,59.1167,159.9667,17.85,91,100,3.36,RU,2021-03-14 22:45:57,light snow
340,Panacan,9.2463,118.4082,75.2,94,20,4.61,PH,2021-03-14 22:45:58,few clouds
341,Seoul,37.5683,126.9778,39.2,93,90,1.14,KR,2021-03-14 22:33:22,fog
342,Paamiut,61.994,-49.6678,28.2,78,91,7.52,GL,2021-03-14 22:36:12,overcast clouds
343,Skjervoy,70.0311,20.9714,35.01,85,100,7.9,NO,2021-03-14 22:37:02,overcast clouds
344,Daru,-9.0763,143.2092,80.08,85,76,6.04,PG,2021-03-14 22:45:59,broken clouds
345,Eyl,7.9803,49.8164,76.23,82,100,14.29,SO,2021-03-14 22:45:59,overcast clouds
346,Wageningen,51.9667,5.6667,44.01,93,75,6.91,NL,2021-03-14 22:45:59,broken clouds
347,Beringovskiy,63.05,179.3167,11.89,86,98,9.19,RU,2021-03-14 22:37:03,overcast clouds
348,Ramanagaram,12.7167,77.3,66.2,68,1,5.12,IN,2021-03-14 22:46:00,clear sky
349,Havre-Saint-Pierre,50.2334,-63.5986,12.2,40,40,10.36,CA,2021-03-14 22:36:19,scattered clouds
350,Singaraja,-8.112,115.0882,79.02,80,39,3.65,ID,2021-03-14 22:46:01,scattered clouds
351,Vila Velha,-20.3297,-40.2925,80.6,69,75,5.75,BR,2021-03-14 22:46:01,broken clouds
352,Opoczno,51.3757,20.2783,32.0,10,77,55.99,PL,2021-03-14 22:46:01,broken clouds
353,Marzuq,14.4,46.4667,59.22,55,0,2.26,YE,2021-03-14 22:37:53,clear sky
354,Roald,62.5833,6.1333,37.4,81,0,11.5,NO,2021-03-14 22:41:12,clear sky
355,Colares,38.7992,-9.4469,55.99,83,70,15.01,PT,2021-03-14 22:46:02,broken clouds
356,Udachnyy,66.4167,112.4,-23.55,89,83,9.66,RU,2021-03-14 22:46:02,broken clouds
357,Alice Springs,-23.7,133.8833,59.0,94,90,8.05,AU,2021-03-14 22:44:59,overcast clouds
358,Ratchaburi,13.5833,99.5333,74.62,73,0,2.26,TH,2021-03-14 22:46:03,clear sky
359,Porangatu,-13.4408,-49.1486,73.78,82,3,0.4,BR,2021-03-14 22:46:03,clear sky
360,El Dorado,38.7666,-120.5177,46.99,73,100,4.0,US,2021-03-14 22:46:04,overcast clouds
361,Vallenar,-28.5708,-70.7581,68.38,62,0,5.59,CL,2021-03-14 22:46:04,clear sky
362,Xichang,27.8964,102.2634,51.06,81,1,1.32,CN,2021-03-14 22:46:05,clear sky
363,Barnbach,47.0333,15.85,37.99,75,100,3.44,AT,2021-03-14 22:46:05,overcast clouds
364,Qui Nhon,13.7667,109.2333,71.19,89,71,6.4,VN,2021-03-14 22:46:06,broken clouds
365,Severo-Kurilsk,50.6789,156.125,33.57,77,0,4.36,RU,2021-03-14 22:35:51,clear sky
366,Rawson,-43.3002,-65.1023,64.6,63,77,19.17,AR,2021-03-14 22:36:28,broken clouds
367,Hofn,64.2539,-15.2082,34.34,87,98,7.31,IS,2021-03-14 22:38:18,overcast clouds
368,Alice Town,25.7167,-79.3,73.45,66,0,5.48,BS,2021-03-14 22:46:07,clear sky
369,Northam,51.0333,-4.2167,48.99,91,85,11.99,GB,2021-03-14 22:46:07,overcast clouds
370,Calabozo,8.9242,-67.4293,87.67,45,84,7.63,VE,2021-03-14 22:42:32,broken clouds
371,Buchanan,5.8808,-10.0467,78.8,94,75,6.06,LR,2021-03-14 22:46:08,broken clouds
372,Almenara,-16.1836,-40.6944,72.52,87,86,2.35,BR,2021-03-14 22:46:08,overcast clouds
373,Tacuarembo,-31.7333,-55.9833,69.75,43,0,10.6,UY,2021-03-14 22:42:05,clear sky
374,Betioky,-23.7167,44.3833,72.59,72,0,7.94,MG,2021-03-14 22:46:09,clear sky
375,Ailigandi,9.2333,-78.0167,78.82,78,26,11.92,PA,2021-03-14 22:46:09,scattered clouds
376,San Juan,-31.5375,-68.5364,81.27,44,44,12.06,AR,2021-03-14 22:44:35,scattered clouds
377,Akyab,20.15,92.9,70.48,53,3,6.62,MM,2021-03-14 22:46:10,clear sky
378,San Jose,37.3394,-121.895,61.0,54,90,10.36,US,2021-03-14 22:44:19,overcast clouds
379,Nador,35.174,-2.9287,57.2,82,0,2.59,MA,2021-03-14 22:46:10,clear sky
380,Roma,43.2128,-75.4557,28.4,40,90,20.71,US,2021-03-14 22:44:06,overcast clouds
381,Marshall,34.3834,-86.3333,77.0,38,40,6.91,US,2021-03-14 22:46:11,scattered clouds
382,Syracuse,37.0881,15.2792,54.0,66,0,10.36,IT,2021-03-14 22:46:11,clear sky
383,Longyearbyen,78.2186,15.6401,-2.2,65,20,10.36,SJ,2021-03-14 22:46:12,few clouds
384,Sergeyevka,53.88,67.4158,-0.11,84,3,9.04,KZ,2021-03-14 22:46:12,clear sky
385,Tessalit,20.1986,1.0114,70.9,25,0,8.1,ML,2021-03-14 22:46:12,clear sky
386,Sinnamary,5.3833,-52.95,76.86,87,100,9.55,GF,2021-03-14 22:46:13,overcast clouds
387,Salinas,36.6777,-121.6555,60.8,55,90,5.75,US,2021-03-14 22:44:42,overcast clouds
388,Walvis Bay,-22.9575,14.5053,64.4,82,21,3.44,NA,2021-03-14 22:46:13,few clouds
389,Clyde River,70.4692,-68.5914,-9.4,84,1,23.02,CA,2021-03-14 22:36:41,mist
390,Souillac,-20.5167,57.5167,77.0,94,75,9.6,MU,2021-03-14 22:35:47,broken clouds
391,Beloha,-25.1667,45.05,72.55,79,1,13.15,MG,2021-03-14 22:46:14,clear sky
392,Ovre Ardal,61.3167,7.8,21.11,79,42,3.83,NO,2021-03-14 22:46:15,scattered clouds
393,Puerto Escondido,15.85,-97.0667,84.2,70,40,5.75,MX,2021-03-14 22:36:35,scattered clouds
394,Antrim,54.6667,-6.25,46.4,81,40,11.5,GB,2021-03-14 22:46:15,scattered clouds
395,Douentza,14.9951,-2.9517,75.4,21,9,6.06,ML,2021-03-14 22:36:26,clear sky
396,Berlevag,70.8578,29.0864,26.6,86,90,3.44,NO,2021-03-14 22:38:17,light snow
397,Brae,60.3964,-1.353,42.8,81,90,18.41,GB,2021-03-14 22:46:16,overcast clouds
398,Wadi Maliz,36.4681,8.5495,53.6,82,40,4.61,TN,2021-03-14 22:46:17,scattered clouds
399,Oistins,13.0667,-59.5333,78.8,73,40,11.5,BB,2021-03-14 22:46:17,scattered clouds
400,Mondeville,49.175,-0.3224,46.4,87,90,17.27,FR,2021-03-14 22:46:18,light rain
401,Razdolnoye,43.55,131.9167,24.8,86,0,6.71,RU,2021-03-14 22:46:18,clear sky
402,Union De San Antonio,21.1,-101.9667,87.8,15,40,9.22,MX,2021-03-14 22:46:08,scattered clouds
403,Rio Grande,-32.035,-52.0986,69.26,69,1,9.17,BR,2021-03-14 22:46:18,clear sky
404,Nadym,65.5333,72.5167,12.02,95,97,7.56,RU,2021-03-14 22:46:19,overcast clouds
405,College Station,30.628,-96.3344,61.0,72,90,4.61,US,2021-03-14 22:42:25,overcast clouds
406,Nemuro,43.3236,145.575,33.6,88,100,26.06,JP,2021-03-14 22:37:04,light rain
407,Nuuk,64.1835,-51.7216,21.2,73,90,13.8,GL,2021-03-14 22:38:02,overcast clouds
408,Mogadishu,2.0371,45.3438,79.72,83,100,10.16,SO,2021-03-14 22:43:01,overcast clouds
409,Guasdualito,7.2424,-70.7324,87.8,55,47,2.3,VE,2021-03-14 22:46:21,scattered clouds
410,Kochubey,44.3861,46.5825,36.99,88,96,18.16,RU,2021-03-14 22:46:21,overcast clouds
411,Kuala Lipis,4.1842,102.0468,71.35,95,37,0.98,MY,2021-03-14 22:33:20,scattered clouds
412,Luquillo,18.3725,-65.7166,78.8,69,20,10.36,PR,2021-03-14 22:46:22,few clouds
413,Valle De Allende,26.9333,-105.4,76.42,4,14,8.48,MX,2021-03-14 22:46:22,few clouds
414,Plouzane,48.3833,-4.6167,50.0,87,90,12.66,FR,2021-03-14 22:46:22,overcast clouds
415,Sobolevo,54.4299,31.8996,34.68,98,100,11.92,RU,2021-03-14 22:38:05,light snow
416,Nantucket,41.2835,-70.0995,33.8,86,75,17.27,US,2021-03-14 22:46:09,broken clouds
417,Asau,46.4333,26.4,43.0,54,100,3.13,RO,2021-03-14 22:38:20,light rain
418,Quatre Cocos,-20.2078,57.7625,77.0,94,75,10.22,MU,2021-03-14 22:46:23,light rain
419,Vardo,70.3705,31.1107,24.8,93,75,8.05,NO,2021-03-14 22:38:08,light snow
420,La Romana,18.4273,-68.9728,80.6,69,20,6.91,DO,2021-03-14 22:46:24,few clouds
421,Camacha,33.0833,-16.3333,60.8,72,40,11.5,PT,2021-03-14 22:38:20,scattered clouds
422,Bacolod,10.6667,122.95,79.23,81,67,2.37,PH,2021-03-14 22:46:25,broken clouds
423,Mount Isa,-20.7333,139.5,71.6,73,90,11.5,AU,2021-03-14 22:43:12,overcast clouds
424,La Ronge,55.1001,-105.2842,50.0,40,31,13.8,CA,2021-03-14 22:36:48,scattered clouds
425,Sao Joao Da Barra,-21.6403,-41.0511,76.71,85,32,12.17,BR,2021-03-14 22:46:25,scattered clouds
426,Neuquen,-38.9516,-68.0591,82.4,39,0,10.36,AR,2021-03-14 22:46:26,clear sky
427,Coolum Beach,-26.5333,153.1,79.0,86,91,5.01,AU,2021-03-14 22:46:26,light rain
428,Burns Lake,54.2331,-125.7533,30.2,37,100,13.8,CA,2021-03-14 22:45:10,overcast clouds
429,Guatire,10.4762,-66.5427,68.0,87,72,4.0,VE,2021-03-14 22:46:27,broken clouds
430,Rio Gallegos,-51.6226,-69.2181,60.8,59,75,8.05,AR,2021-03-14 22:38:09,broken clouds
431,Ferrol,43.4832,-8.2369,52.0,100,0,1.14,ES,2021-03-14 22:46:27,clear sky
432,Natal,-5.795,-35.2094,82.4,69,0,13.8,BR,2021-03-14 22:44:21,clear sky
433,Lagoa,39.05,-27.9833,59.74,91,24,14.03,PT,2021-03-14 22:38:31,few clouds
434,Balkhash,46.844,74.9804,13.96,69,52,8.12,KZ,2021-03-14 22:46:28,broken clouds
435,Gat,31.61,34.7642,57.0,100,100,1.99,IL,2021-03-14 22:37:01,overcast clouds
436,Sao Felix Do Xingu,-6.6447,-51.995,73.74,96,91,0.69,BR,2021-03-14 22:46:29,overcast clouds
437,Road Town,18.4167,-64.6167,78.8,73,40,8.05,VG,2021-03-14 22:46:29,scattered clouds
438,Awjilah,29.1081,21.2869,57.38,58,0,8.59,LY,2021-03-14 22:46:30,clear sky
439,Ballina,-28.8667,153.5667,66.2,100,90,12.66,AU,2021-03-14 22:46:18,overcast clouds
440,Portland,45.5234,-122.6762,51.01,76,90,9.22,US,2021-03-14 22:46:02,overcast clouds
441,Takhtamygda,54.1,123.5667,18.3,81,100,22.35,RU,2021-03-14 22:46:31,light snow
442,Trapani,37.8333,12.6667,57.99,71,20,18.41,IT,2021-03-14 22:46:31,few clouds
443,Marsh Harbour,26.5412,-77.0636,72.77,60,0,4.97,BS,2021-03-14 22:35:27,clear sky
444,Hamamatsu,34.7,137.7333,51.01,48,0,8.01,JP,2021-03-14 22:46:32,clear sky
445,Saldanha,-33.0117,17.9442,64.35,90,50,17.52,ZA,2021-03-14 22:46:32,scattered clouds
446,Morant Bay,17.8815,-76.4093,82.4,69,40,17.27,JM,2021-03-14 22:46:33,scattered clouds
447,Mareeba,-17.0,145.4333,82.0,83,90,9.22,AU,2021-03-14 22:36:34,overcast clouds
448,Teshie,5.5836,-0.1072,80.6,83,0,3.44,GH,2021-03-14 22:46:33,clear sky
449,Halifax,44.6453,-63.5724,26.01,58,100,3.0,CA,2021-03-14 22:46:34,overcast clouds
450,Macusani,-14.0833,-70.4333,38.19,87,99,7.31,PE,2021-03-14 22:46:34,overcast clouds
451,Pangody,65.85,74.4859,6.22,91,98,6.44,RU,2021-03-14 22:46:35,overcast clouds
452,Ordynskoye,54.3656,81.8994,0.79,96,100,6.26,RU,2021-03-14 22:46:35,overcast clouds
453,Bardiyah,31.7561,25.0865,55.29,79,36,3.87,LY,2021-03-14 22:46:36,scattered clouds
454,Macultepec,18.1667,-92.8333,91.4,46,1,11.5,MX,2021-03-14 22:46:36,clear sky
455,Ayan,56.45,138.1667,21.15,93,100,10.09,RU,2021-03-14 22:46:37,overcast clouds
456,Obidos,-1.9175,-55.5181,76.95,85,72,1.45,BR,2021-03-14 22:46:37,broken clouds
457,Hutchinson,38.0608,-97.9298,64.4,34,1,16.11,US,2021-03-14 22:45:32,clear sky
458,Camana,-16.6228,-72.7111,73.94,77,58,5.84,PE,2021-03-14 22:46:37,broken clouds
459,Jiuquan,39.7432,98.5174,36.43,31,0,10.07,CN,2021-03-14 22:37:36,clear sky
460,Sandviken,60.6167,16.7667,33.01,82,90,0.76,SE,2021-03-14 22:46:38,overcast clouds
461,Galveston,29.3669,-94.9669,71.01,83,90,17.27,US,2021-03-14 22:42:49,haze
462,Anchorage,61.2181,-149.9003,21.99,57,90,5.75,US,2021-03-14 22:41:48,overcast clouds
463,Kruisfontein,-34.0033,24.7314,68.0,97,100,9.69,ZA,2021-03-14 22:46:39,overcast clouds
464,Nabire,-3.3667,135.4833,79.63,79,26,2.91,ID,2021-03-14 22:46:25,scattered clouds
465,Port-Cartier,50.0334,-66.8654,14.0,29,75,13.8,CA,2021-03-14 22:46:39,broken clouds
466,Boyolangu,-8.1181,111.8935,74.3,90,89,1.74,ID,2021-03-14 22:46:40,overcast clouds
467,Cabra,37.4725,-4.4421,46.4,81,0,1.14,ES,2021-03-14 22:46:41,clear sky
468,Mawlaik,23.6333,94.4167,62.2,58,0,1.36,MM,2021-03-14 22:46:41,clear sky
469,Alamosa,37.4695,-105.87,30.2,93,90,6.91,US,2021-03-14 22:46:42,light snow
470,Bakel,14.905,-12.4568,82.74,13,29,10.42,SN,2021-03-14 22:46:42,scattered clouds
471,Kindersley,51.4668,-109.1682,42.8,65,20,21.85,CA,2021-03-14 22:46:43,few clouds
472,Usinsk,65.9939,57.5281,20.68,94,100,18.7,RU,2021-03-14 22:37:52,light snow
473,Tanout,14.9709,8.8879,81.3,11,0,8.7,NE,2021-03-14 22:46:43,clear sky
474,Gwadar,25.1216,62.3254,71.11,90,9,4.07,PK,2021-03-14 22:46:44,clear sky
475,Mount Gambier,-37.8333,140.7667,59.0,94,90,6.91,AU,2021-03-14 22:36:48,overcast clouds
476,Trincomalee,8.5711,81.2335,80.82,67,0,7.27,LK,2021-03-14 22:46:44,clear sky
477,Sosnovo-Ozerskoye,52.5249,111.5418,-3.5,84,0,13.29,RU,2021-03-14 22:46:45,clear sky
478,Praia,14.9215,-23.5087,69.8,35,0,11.5,CV,2021-03-14 22:46:45,clear sky
479,Kodinsk,58.6881,99.1844,-3.41,98,62,4.56,RU,2021-03-14 22:46:45,broken clouds
480,Urumqi,43.801,87.6005,30.2,74,75,4.47,CN,2021-03-14 22:44:03,broken clouds
481,Zambezi,-13.5432,23.1047,64.29,96,12,3.2,ZM,2021-03-14 22:46:46,few clouds
482,Athenree,-37.4667,175.9167,73.0,94,67,4.0,NZ,2021-03-14 22:46:46,light rain
483,Ushumun,52.7833,126.5333,34.12,97,100,18.59,RU,2021-03-14 22:46:47,moderate rain
484,Thinadhoo,0.5333,72.9333,83.48,69,96,4.56,MV,2021-03-14 22:46:47,overcast clouds
485,Nioro,13.35,-15.75,74.39,29,18,6.29,GM,2021-03-14 22:46:48,few clouds
486,Chihuahua,28.5,-106.0,78.01,3,1,12.66,MX,2021-03-14 22:46:48,clear sky
487,Mecca,21.4267,39.8261,76.86,54,1,1.36,SA,2021-03-14 22:46:48,clear sky
488,Sale,34.0389,-6.8166,54.0,100,100,3.89,MA,2021-03-14 22:46:49,overcast clouds
489,Port Hedland,-20.3167,118.5667,78.8,65,97,11.5,AU,2021-03-14 22:37:51,overcast clouds
490,Panguna,-6.3164,155.4848,79.84,64,92,1.88,PG,2021-03-14 22:46:49,overcast clouds
491,Devils Lake,48.1128,-98.8651,43.0,31,1,12.66,US,2021-03-14 22:45:29,clear sky
492,Teguldet,57.3064,88.1667,-1.46,98,100,4.21,RU,2021-03-14 22:46:45,overcast clouds
493,Codrington,-38.2667,141.9667,59.27,82,99,9.1,AU,2021-03-14 22:46:50,overcast clouds
494,Yumen,40.2833,97.2,37.24,31,12,29.66,CN,2021-03-14 22:37:47,few clouds
495,Shingu,33.7333,135.9833,49.15,61,0,4.81,JP,2021-03-14 22:46:51,clear sky
496,At-Bashi,41.1702,75.8106,21.47,94,100,2.35,KG,2021-03-14 22:46:51,light snow
497,Saint-Pierre,-21.3393,55.4781,78.8,78,0,16.11,RE,2021-03-14 22:46:51,clear sky
498,Shirokiy,49.758,129.523,33.49,78,75,22.06,RU,2021-03-14 22:38:33,broken clouds
499,Gorey,52.6747,-6.2925,48.0,87,100,4.0,IE,2021-03-14 22:46:52,overcast clouds
500,Karema,-6.8205,30.4389,71.1,83,20,3.15,TZ,2021-03-14 22:46:52,few clouds
501,Luocheng,29.3848,104.0286,60.55,82,94,1.77,CN,2021-03-14 22:46:53,overcast clouds
502,Dalbandin,28.8947,64.4101,61.38,21,10,3.87,PK,2021-03-14 22:46:53,clear sky
503,Chalchihuites,23.4833,-103.8833,72.93,9,29,22.26,MX,2021-03-14 22:46:54,scattered clouds
504,Champerico,14.3,-91.9167,86.0,70,75,16.11,GT,2021-03-14 22:46:54,broken clouds
505,Bouca,6.5105,18.2733,80.65,53,98,3.42,CF,2021-03-14 22:46:54,overcast clouds
506,Scottsbluff,41.8666,-103.6672,33.21,96,100,24.83,US,2021-03-14 22:46:55,snow
507,Arrifes,37.7667,-25.7,60.8,100,75,10.36,PT,2021-03-14 22:46:55,broken clouds
508,Lodja,-3.4833,23.4333,73.31,80,89,1.54,CD,2021-03-14 22:46:56,overcast clouds
509,Dagupan,17.7061,121.5047,73.06,90,91,3.11,PH,2021-03-14 22:46:56,overcast clouds
510,Amazar,53.858,120.875,15.82,78,100,20.33,RU,2021-03-14 22:37:26,light snow
511,Omboue,-1.5746,9.2618,77.72,90,100,3.65,GA,2021-03-14 22:46:57,heavy intensity rain
512,Myaundzha,63.0494,147.1858,-13.81,94,51,1.66,RU,2021-03-14 22:46:57,broken clouds
513,Raga,8.4596,25.678,73.11,72,100,5.5,SS,2021-03-14 22:46:58,overcast clouds
514,Atambua,-9.1061,124.8925,75.65,84,100,0.34,ID,2021-03-14 22:46:58,overcast clouds
515,Mangrol,21.1167,70.1167,74.19,55,53,14.16,IN,2021-03-14 22:46:58,broken clouds
516,Uyuni,-20.4597,-66.825,58.15,44,90,6.13,BO,2021-03-14 22:46:59,overcast clouds
517,Ilulissat,69.2167,-51.1,10.4,61,90,4.61,GL,2021-03-14 22:47:00,overcast clouds
518,Concepcion Del Oro,24.6333,-101.4167,78.49,5,9,18.1,MX,2021-03-14 22:43:03,clear sky
519,Bonthe,7.5264,-12.505,78.64,82,99,7.61,SL,2021-03-14 22:47:00,overcast clouds
520,Ribas Do Rio Pardo,-20.4431,-53.7592,78.98,56,73,5.28,BR,2021-03-14 22:47:00,broken clouds
521,Raudeberg,61.9875,5.1352,39.0,79,4,18.34,NO,2021-03-14 22:38:26,clear sky
522,Dhemaji,27.4833,94.5833,68.2,67,44,5.55,IN,2021-03-14 22:47:01,scattered clouds
523,Zachepylivka,49.1939,35.2394,36.68,74,100,11.32,UA,2021-03-14 22:47:02,overcast clouds
524,Kungsbacka,57.4872,12.0761,39.99,93,90,11.5,SE,2021-03-14 22:47:02,light intensity drizzle
525,Havoysund,70.9963,24.6622,24.8,93,75,6.91,NO,2021-03-14 22:47:03,light snow
526,Kununurra,-15.7667,128.7333,75.2,100,75,12.66,AU,2021-03-14 22:38:03,moderate rain
527,Twin Falls,42.3505,-114.6445,60.8,20,1,4.61,US,2021-03-14 22:47:03,clear sky
528,Itoman,26.1247,127.6694,64.4,72,20,4.61,JP,2021-03-14 22:47:04,few clouds
529,Makakilo City,21.3469,-158.0858,77.0,69,1,9.22,US,2021-03-14 22:47:04,light rain
530,Sambava,-14.2667,50.1667,76.33,87,96,6.04,MG,2021-03-14 22:38:34,overcast clouds
531,Olenegorsk,68.15,33.3,18.32,96,99,2.42,RU,2021-03-14 22:47:05,overcast clouds
532,Denpasar,-8.65,115.2167,75.2,94,20,3.44,ID,2021-03-14 22:44:38,few clouds
533,Tabas,33.5959,56.9244,50.83,30,60,6.58,IR,2021-03-14 22:47:05,broken clouds
534,Dingle,10.9995,122.6711,77.32,88,61,1.92,PH,2021-03-14 22:47:06,broken clouds
535,Belyy Yar,53.6039,91.3903,3.2,78,0,0.72,RU,2021-03-14 22:47:06,clear sky
536,Ponta Delgada,37.7333,-25.6667,60.8,100,75,10.36,PT,2021-03-14 22:47:07,broken clouds
537,Hasaki,35.7333,140.8333,42.8,65,20,4.61,JP,2021-03-14 22:37:21,few clouds
538,Letlhakeng,-24.0944,25.0298,67.8,61,0,8.55,BW,2021-03-14 22:47:07,clear sky
539,Jiwani,25.05,61.7417,72.16,90,9,6.73,PK,2021-03-14 22:47:08,clear sky
540,Port Macquarie,-31.4333,152.9167,66.99,80,98,1.99,AU,2021-03-14 22:47:08,overcast clouds
541,Amahai,-3.3333,128.9167,84.99,88,82,4.61,ID,2021-03-14 22:47:09,broken clouds
542,Vale Da Amoreira,39.0697,-7.6985,53.01,76,4,1.99,PT,2021-03-14 22:47:09,clear sky
543,Alihe,50.5667,123.7167,35.49,97,100,7.07,CN,2021-03-14 22:47:09,light rain
544,Te Anau,-45.4167,167.7167,54.97,95,100,6.76,NZ,2021-03-14 22:38:01,light rain
545,Bonavista,48.6499,-53.1147,28.0,86,100,3.44,CA,2021-03-14 22:47:10,overcast clouds
546,Algemesi,39.1833,-0.4333,59.0,62,0,1.01,ES,2021-03-14 22:47:10,clear sky
547,Manati,18.4275,-66.4921,77.0,80,99,1.01,PR,2021-03-14 22:47:11,overcast clouds
548,Berezovyy,51.6667,135.7,31.28,77,95,4.81,RU,2021-03-14 22:47:11,overcast clouds
549,Tucuma,-0.1833,-50.05,77.27,88,73,6.8,BR,2021-03-14 22:47:12,broken clouds
550,Tulun,54.5611,100.5792,-5.62,83,14,4.5,RU,2021-03-14 22:47:12,few clouds
551,Beira,-19.8436,34.8389,76.42,81,0,4.07,MZ,2021-03-14 22:38:19,clear sky
552,Russell,32.3502,-85.1999,84.2,26,1,6.91,US,2021-03-14 22:45:27,clear sky
553,Edson,53.5835,-116.4356,59.0,23,1,13.8,CA,2021-03-14 22:45:10,clear sky
554,Havelock,34.8791,-76.9013,68.0,28,75,10.36,US,2021-03-14 22:46:30,broken clouds
555,Evensk,61.95,159.2333,-2.25,78,100,3.09,RU,2021-03-14 22:38:10,overcast clouds
556,Yar-Sale,66.8333,70.8333,4.5,90,86,4.63,RU,2021-03-14 22:47:13,overcast clouds
557,Sao Miguel Do Araguaia,-13.275,-50.1628,73.87,87,100,2.26,BR,2021-03-14 22:47:14,light rain
558,Finnsnes,69.2296,17.9811,32.0,93,75,3.44,NO,2021-03-14 22:47:14,light snow
559,Dolores,-36.3132,-57.6792,71.89,52,94,10.0,AR,2021-03-14 22:47:15,overcast clouds
560,Vagur,61.4732,-6.8119,40.86,74,22,12.53,FO,2021-03-14 22:47:15,few clouds
561,Naze,28.3667,129.4833,53.6,87,0,3.44,JP,2021-03-14 22:47:15,clear sky
562,Tigil,57.8,158.6667,25.16,89,100,25.08,RU,2021-03-14 22:47:16,light snow
563,Puerto Colombia,10.9878,-74.9547,78.28,80,54,25.5,CO,2021-03-14 22:47:16,broken clouds
564,Uttarkashi,30.7333,78.45,56.73,28,0,6.6,IN,2021-03-14 22:47:17,clear sky
565,Balikpapan,-1.2675,116.8289,75.2,100,20,3.44,ID,2021-03-14 22:47:17,few clouds
566,Maniitsoq,65.4167,-52.9,17.47,66,100,10.36,GL,2021-03-14 22:47:17,overcast clouds
567,Srednekolymsk,67.45,153.6833,-12.64,84,0,5.95,RU,2021-03-14 22:47:18,clear sky
568,Conceicao Do Araguaia,-8.2578,-49.2647,76.06,88,70,0.4,BR,2021-03-14 22:47:18,light rain
569,Vila,42.0304,-8.1588,46.0,84,1,5.01,PT,2021-03-14 22:47:19,clear sky
570,Behbahan,30.5959,50.2417,46.4,87,0,1.1,IR,2021-03-14 22:47:19,clear sky
571,Cozumel,20.5083,-86.9458,82.4,65,40,11.5,MX,2021-03-14 22:47:20,scattered clouds
572,Mende,44.6667,3.5,26.33,97,48,6.6,FR,2021-03-14 22:47:20,scattered clouds
573,Bilma,18.6853,12.9164,79.65,13,0,9.66,NE,2021-03-14 22:47:20,clear sky
574,Bilma,18.6853,12.9164,79.65,13,0,9.66,NE,2021-03-14 22:47:20,clear sky
